Video Title,Description,Video URL,Published At,Channel Title,Channel ID,Channel Description,Subscriber Count,Total Views,Video Count,Views,Likes,Dislikes,Comments,Channel URL
Actors&#39; association elections-Masti CINTAA.#cintaa #election #actor #bollywood #reels #mumbai #india,,https://www.youtube.com/watch?v=O1SEVQ_S0lo,2024-05-14T14:16:24Z,Asli Sardar Ji,UCUA4D6ArJAt7UYRu2pBvLVQ,"Vlogs, Bollywood, sayings, Ideas, recipies..... each and everything - like a supermarket - 
want to post everything that can bring smile on your face or motivate you to live a happy and healthy life

An initiative by  Bollywood Actor Manmeet Singh to provide you meaningful clean entertaining content for all age groups.


Email: mankameet@hotmail.com 

Facebook : www.facebook.com/manmeet4you

Instagram - www.instagram.com/manmeet4you
. 
. 
 ",11100,3432318,574,29,0,0,0,https://www.youtube.com/channel/UCUA4D6ArJAt7UYRu2pBvLVQ
Buying Votes for Lok Sabha 2024 | Election Prank | Because Why Not,We hit the streets with a hilarious social experiment! Watch as we offer cash to random strangers in exchange for their vote.,https://www.youtube.com/watch?v=So0ga1WjW20,2024-05-12T07:17:54Z,"Because, Why Not ?",UCt4cyoeqit_5X8igvbYYb4Q,"Two best friends making daily life interesting with random street interactions with strangers. Call it pranks if you want. For us it’s the real humour. Because admit it, nothing makes one laugh louder than a person falling in a hilarious way. If you’re looking for scripted videos, then you’re in the wrong place. If you like reality, welcome aboard! 

Business email - becausewhynot017@gmail.com",795000,517414154,898,173976,4971,0,409,https://www.youtube.com/channel/UCt4cyoeqit_5X8igvbYYb4Q
Is Muslim Vote Power Over? #elections #pradeepbhandari,,https://www.youtube.com/watch?v=ogBjdlwjHSA,2024-01-22T13:57:22Z,Anvikshiki With Satvik ,UCEDFiAM_HUj1W3P_lweF1mQ,"'आन्वीक्षिकी' एक संस्कृत शब्द है जिसका अनुवाद 'जांच के विज्ञान' से होता है।
ज्ञान, तर्क और दर्शन के माध्यम से जिज्ञासु दिमागों से जुड़ने वाला एक मंच।

विभिन्न विषयों के विशेषज्ञ मुख्य रूप से हिंदी में व्यावहारिक, तथ्य-आधारित चर्चा को सक्षम बनाते हैं।

‘Anvikshiki’ is a Sanskrit term meaning the  'science of inquiry'.
A platform engaging with curious minds through knowledge, logic, and philosophy.

Experts from a wide spectrum of varying subjects enable insightful, fact-based discourse primarily in Hindi.
",113000,26800870,477,3233,87,0,2,https://www.youtube.com/channel/UCEDFiAM_HUj1W3P_lweF1mQ
Salman Khan arrives to Cast Vote | Kind Gesture to Senior Citizens on Wheelchair | Loksabha Election,salman #salmankhanvoting #loksabhaelection2024.,https://www.youtube.com/watch?v=0Ay3PazTs3c,2024-05-20T12:11:38Z,Viralbollywood,UCZT_OWY9abyO3V9Rmdvh02w,"Viral Bollywood Entertainment Private Limited (also known as VB) is a Digital Service company.The company provides entertainment commentary and news centred around the Indian entertainment industry, however its point of difference is its ability to create unique and original entertainment content in the forms of celebrity photos, film trailers, short films and artist portfolios.

The company is based around a website which aims to provide news and affairs in the entertainment industry, uploading celebrity content such as photos, film trailers, short films and artist portfolios.

The aim of the company is to be at the forefront of the distribution of accurate and respected material on the world of Indian Entertainment., 

Ultimately, it is the wide range of skills that is propelling Viral Bollywood Entertainment Private Limited to be an industry leader.

We also provide services like :-

Video Editing
Content Selling
Brand Promotion

EMail : contact@viralbollywood.com",6030000,2911680774,38466,314177,2625,0,152,https://www.youtube.com/channel/UCZT_OWY9abyO3V9Rmdvh02w
