Video Title,Description,Video URL,Published At,Channel Title,Channel ID,Channel Description,Subscriber Count,Total Views,Video Count,Views,Likes,Dislikes,Comments
ЁЯЗоЁЯЗ│Hindu ЁЯХЙ RACISM ExposedтЭЧЁЯдп #shorts #india,Racism in Hinduism ExposedтЭЧCaste system #shorts #india #sanatandharma #hindi.,https://www.youtube.com/watch?v=53I4mWXleIc,2024-04-25T13:00:08Z,One Message Foundation,UCvJyEIx_it2jFYP5M1OzGng,"
Thank you for visiting this channel, click the ""SUBSCRIBE"" button to stay connected. If you enjoy our videos, please LIKE and SHARE them.

Donate to the Dawah ЁЯСЙ https://goodbricksapp.com/onemessagefoundation.com/donate

We are 501c non-profit organization in United States. The purpose of One Message Foundation is to educate people about Islam.  Should you have questions related to our organizational activities, please do not hesitate to contact us. 

One Message Foundation
",1160000,511856756,1597,229744,25030,0,2361
Hindu hai ham ЁЯТл Jay shree Ram ЁЯЪйЁЯЪй#drop #on #comment #jaishreeram #trendingshorts #viral #reels #video,,https://www.youtube.com/watch?v=_mCTOoVO01s,2024-03-02T01:38:53Z,Kishan Armwrestler ,UC09RYu_C3IbeXgAfDMx_7pg,https://www.instagram.com/imkishanrai?igsh=c2x3eDJuZnlwaDV6,130000,26903284,173,12143687,330254,0,1941
Reply to Rahul Gandhi on HINDU=рд╣рд┐рдВрд╕рд╛ remark by Master Shifuji #mastershifuji #hindu #shifuji #news,HinduтАЭ Hinsa-Asatya-Nafrat REPLY to Rahul Gandhi? #Hindu #Hinduism #mastershifuji.,https://www.youtube.com/watch?v=9JsIXpQaoI8,2024-07-01T14:08:07Z,GRANDMASTER SHIFUJI'S MISSION PRAHAR,UCbv9fcp621uLO0zD0EkH7wQ,"Jai Hind. This channel is dedicated to the patriotic and social yields of Grandmaster Shifuji Shaurya Bhardwaj Sir. 

The Fan Club in association with ODE. It is essential to mention that The revenues accumulated by this channel support women's empowerment under the campaign ""Mission Prahar."" 

Grandmaster Shifuji Sir has dedicated his life to research and inventing the ""Mitti System"" for the Indian Special Forces, Armed Forces. He has been mentoring the defense establishments and counter-terrorism units utterly Free of Cost with the utmost confidentiality. 

Who is Grandmaster Shifuji Shaurya Bhardwaj?
Legendary Grandmaster Shifuji Shaurya Bhardwaj Sir has been acknowledged with many titles by the International media groups. 
""The Deadliest Man Alive in The World"" By London Post.
""World's Best Commandos Mentor"" By Washington Mail. 
""World's Greatest counter-terrorism mentor of all time."" By Essex TV, London.
""World's Best Commando Trainers Guru"" By Forbes Global News.

""JAI HIND""
",3850000,329924061,1165,127598,15849,0,384
Real Pictures Of Hindu God ЁЯХЙя╕П ЁЯЪй || Mahadev New 4k Status ЁЯШп ||,https://youtu.be/bqqorQ5za1o?si=RMn9OBV450dIAsdk Real Pictures Of Hindu God ЁЯХЙя╕П || Mahadev New 4k Status || .,https://www.youtube.com/watch?v=1dhARq8aZw0,2024-10-14T12:22:33Z,@_Royal_Editor..!!,UCvY58HBJfY9ltyE1tBAuT3g,"      ЁЯХЙя╕П тЬи рд░рд╛рдо рд░рд╛рдо рджреЛрд╕реНрддреЛ тЬи ЁЯХЙя╕П

              ЁЯТл  ЁЯЪйрдЬрдп рд╢реНрд░реА рд░рд╛рдо ЁЯЪйЁЯТл

   ЁЯФе рдореЗрд░рд╛ рдирд╛рдо рдЖрджрд┐рддреНрдп рдкреНрд░рдЬрд╛рдкрддрд┐ рд╣реИ, ЁЯФе

          ЁЯЩВ рдФрд░ рдЖрдкрдХрд╛ рдореЗрд░реЗ рдпреВрдЯреНрдпреВрдм рдЪреИрдирд▓ рдкрд░ ЁЯЩВ

    ЁЯЩП рд╣рд╛рд░реНрджрд┐рдХ рд╕реНрд╡рд╛рдЧрдд рдФрд░ рдЕрднрд┐рдирдВрджрди рд╣реИ ЁЯЩП 



",21500,8663576,142,4345395,0,0,48784
Hindu Monk Chinmoy Krishna Das arrested in Bangladesh | The Chanakya Dialogues Major Gaurav Arya |,"Hindu Monk Chinmoy Krishna Das arrested in Bangladesh | The Chanakya Dialogues Major Gaurav Arya | Chinmoy Krishna Das, ...",https://www.youtube.com/watch?v=URxQ_NU261I,2024-11-28T11:52:38Z,THE CHANAKYA DIALOGUES HINDI,UC1bUswUinAEFYaRQFvAKjPA,"The Chanakya Dialogues is the largest and most credible Hindi language digital video channel specialising in Geopolitics, Foreign Affairs and National Security. It is part of Chanakya Forum, a media platform that also owns the following properties:

1.	www.chanakyaforum.com website
2.	The Chanakya Diaries magazine
3.	The Chanakya Dialogues (English) 
4.	Majorly Right 

All these platforms have been founded by Major Gaurav Arya (Retd), an Indian Army veteran. He is Editor-in-Chief of Chanakya Forum.
",3380000,815686105,2265,800484,76129,0,6834
#sai #saibaba #shirdisaibaba #shirdi#shirdisai #shirdisaibabamessage #hindusaint #hindu #hindugod,,https://www.youtube.com/watch?v=ruXRTJ9-H_Q,2024-11-30T02:46:06Z,рдзреНрдпрд╛рди рдХреЗ рдЪрдорддреНрдХрд╛рд░ рдордВрддреНрд░ рдХреА рд╢рдХреНрддрд┐ рднрдЧрд╡рд╛рди рдХреА рднрдХреНрддрд┐ ,UCLfnThYnfEWAozzDPco5duA,"рдирдорд╕реНрдХрд╛рд░ рджреЛрд╕реНрддреЛрдВ! рдЖрдкрдХрд╛ рд╕реНрд╡рд╛рдЧрдд рд╣реИ ""рдзреНрдпрд╛рди рдХреЗ рдЪрдорддреНрдХрд╛рд░ рдордВрддреНрд░ рдХреА рд╢рдХреНрддрд┐ рднрдЧрд╡рд╛рди рдХреА рднрдХреНрддрд┐"" рдЪреИрдирд▓ рдкрд░ред рдпрд╣рд╛рдВ рд╣рдо рдЖрдкрдХреЛ рдЕрдирдВрдд рд╢рд╛рдВрддрд┐ рдФрд░ рд╕рдХрд╛рд░рд╛рддреНрдордХрддрд╛ рдХреА рдкреНрд░рд╛рдкреНрддрд┐ рдХреЗ рд▓рд┐рдП рдзреНрдпрд╛рди, рдордВрддреНрд░, рдФрд░ рднрдЧрд╡рд╛рди рдХреЗ рднрдХреНрддрд┐ рдХреЗ рд╢рдХреНрддрд┐рд╢рд╛рд▓реА рдЙрдкрд╛рдпреЛрдВ рдХреЗ рдмрд╛рд░реЗ рдореЗрдВ рдмрддрд╛рдПрдБрдЧреЗред
рдзреНрдпрд╛рди рдХреА рд╢рдХреНрддрд┐ рдПрдХ рдЕрджреНрднреБрдд рдЪрдорддреНрдХрд╛рд░ рд╣реИ рдЬреЛ рд╣рдореЗрдВ рдорд╛рдирд╕рд┐рдХ рд╢рд╛рдВрддрд┐ рдФрд░ рдЖрддреНрдо-рд╕рдВрд╡реЗрджрдирд╛ рдХреА рдЕрдиреВрдареА рдЕрдиреБрднреВрддрд┐ рдкреНрд░рджрд╛рди рдХрд░рддрд╛ рд╣реИред рдордВрддреНрд░реЛрдВ рдХреЗ рдЬрд╛рдк рд╕реЗ рдЖрдк рдЕрдкрдиреЗ рдорди рдХреЛ рд╢реБрджреНрдз рдХрд░рдХреЗ рднрдЧрд╡рд╛рди рдХреЗ рд╕рдореАрдк рдкрд╣реБрдВрдЪ рд╕рдХрддреЗ рд╣реИрдВред рднрдЧрд╡рд╛рди рдХреА рднрдХреНрддрд┐ рд╕реЗ рдЖрдк рдЕрдкрдиреЗ рдЬреАрд╡рди рдХреЛ рдкреВрд░реНрдгрддрд╛ рдФрд░ рд╕рдВрддреБрд▓рди рд╕реЗ рднрд░ рд╕рдХрддреЗ рд╣реИрдВред
рд╣рдорд╛рд░реЗ рд╡реАрдбрд┐рдпреЛ рдЖрдкрдХреЛ рдЬреАрд╡рди рдХреЗ рд╕рднреА рдкрд╣рд▓реБрдУрдВ рдореЗрдВ рдорджрдж рдХрд░реЗрдВрдЧреЗ рдФрд░ рдЖрдкрдХреЛ рд╢рд╛рдВрддрд┐, рд╕рдореГрджреНрдзрд┐ рдФрд░ рдЖрдирдВрдж рд╕реЗ рднрд░ рджреЗрдВрдЧреЗред рддреЛ рдЖрдЗрдП, рд╣рдорд╛рд░реЗ рдЪреИрдирд▓ рдХреЛ рд▓рд╛рдЗрдХ рдФрд░ рд╕рдмреНрд╕рдХреНрд░рд╛рдЗрдм рдХрд░рдХреЗ рд╣рдорд╛рд░реЗ рд╕рд╛рде рдЬреБрдбрд╝реЗрдВ рдФрд░ рдЕрдкрдиреЗ рдЬреАрд╡рди рдХреЛ рд╕рдХрд╛рд░рд╛рддреНрдордХрддрд╛ рд╕реЗ рднрд░ рджреЗрдВред
рдзрдиреНрдпрд╡рд╛рдж, рдзреНрдпрд╛рдиреА рд░рд╣реЗрдВ рдФрд░ рднрдЧрд╡рд╛рди рдХреА рднрдХреНрддрд┐ рдореЗрдВ рд▓реАрди рд░рд╣реЗрдВред 
Here, we will guide you about powerful techniques for attaining infinite peace and positivity, through meditation, mantras, and devotion to the Divine. Chanting mantras allows you to purify your mind and connect with the Divine. The power of meditation is a remarkable miracle.
",13100,3803924,6923,421,167,0,1
HINDUS OF IRAQ ЁЯЗоЁЯЗ╢ ?,"This video is about the Yezidi tribe of Iraq who have been persecuted by the Iraqis, Arabs for centuries for being an idol ...",https://www.youtube.com/watch?v=_ZPp8EGTofY,2024-07-28T14:02:10Z,TheBohoSapiens,UCYnG2ZwohOlPsV5AyutEaaQ,"We tell tales of Bharat ЁЯЗоЁЯЗ│
",672000,186937004,440,3154270,249023,0,2438
"Hindu-Muslim, Mandir-Masjid Ka Sach? #hindu #sanatani #muslim #grandmastershifuji #Shifuji #trending","Hindu-Muslim, Mandir-Masjid Ka Sach? рдЕрд▓реНрд▓рд╛рд╣ рд╡рд╛рд▓реЛрдВ рд░рд╛рдо рд╡рд╛рд▓реЛрдВ рдЕрдкрдиреЗ рдзрд░реНрдо рдФрд░ рдордЬрд╝рд╣рдм рдХреБ ...",https://www.youtube.com/watch?v=ceF4KGlskGs,2024-11-30T13:11:43Z,GRANDMASTER SHIFUJI'S MISSION PRAHAR,UCbv9fcp621uLO0zD0EkH7wQ,"Jai Hind. This channel is dedicated to the patriotic and social yields of Grandmaster Shifuji Shaurya Bhardwaj Sir. 

The Fan Club in association with ODE. It is essential to mention that The revenues accumulated by this channel support women's empowerment under the campaign ""Mission Prahar."" 

Grandmaster Shifuji Sir has dedicated his life to research and inventing the ""Mitti System"" for the Indian Special Forces, Armed Forces. He has been mentoring the defense establishments and counter-terrorism units utterly Free of Cost with the utmost confidentiality. 

Who is Grandmaster Shifuji Shaurya Bhardwaj?
Legendary Grandmaster Shifuji Shaurya Bhardwaj Sir has been acknowledged with many titles by the International media groups. 
""The Deadliest Man Alive in The World"" By London Post.
""World's Best Commandos Mentor"" By Washington Mail. 
""World's Greatest counter-terrorism mentor of all time."" By Essex TV, London.
""World's Best Commando Trainers Guru"" By Forbes Global News.

""JAI HIND""
",3850000,329924061,1165,10419,1813,0,63
Power of SANATANЁЯЪйЁЯЧ┐ #shorts #viralvideo #hindu #sanatandharma,,https://www.youtube.com/watch?v=0isR6iWOWZ8,2024-10-29T06:13:24Z,kapishreshth,UCeEQPHZz1aeSBjKX6jin6pA,"Sarthak Shukla (рднрд╛рд░рддреАрдпЁЯЗоЁЯЗ│)
 рд░рд╛рдо-рд░рд╛рдо/рдкреНрд░рдгрд╛рдоЁЯЩП
||рд╡рд╕реНрддреНрд░-рдзрд░реНрдо-рд╕рдВрд╕реНрдерд╛рдкрдирд╛-рдЕрд░реНрдердореН||
Dress should be worn for the establishment of dharma.
",807000,376910570,305,6254422,519369,0,2978
Complete video- Khalistaniyon Ki..? Hindus Ke Liye Sab Chup Kyon? #canada #hindu #sanatani #sikh,Complete video- Khalistaniyon Ki..? Hindus Ke Liye Sab Chup Kyon? #canada #hindu #sanatani #sikh.,https://www.youtube.com/watch?v=8v7aUbwZ5lQ,2024-11-09T09:26:27Z,GRANDMASTER SHIFUJI'S MISSION PRAHAR,UCbv9fcp621uLO0zD0EkH7wQ,"Jai Hind. This channel is dedicated to the patriotic and social yields of Grandmaster Shifuji Shaurya Bhardwaj Sir. 

The Fan Club in association with ODE. It is essential to mention that The revenues accumulated by this channel support women's empowerment under the campaign ""Mission Prahar."" 

Grandmaster Shifuji Sir has dedicated his life to research and inventing the ""Mitti System"" for the Indian Special Forces, Armed Forces. He has been mentoring the defense establishments and counter-terrorism units utterly Free of Cost with the utmost confidentiality. 

Who is Grandmaster Shifuji Shaurya Bhardwaj?
Legendary Grandmaster Shifuji Shaurya Bhardwaj Sir has been acknowledged with many titles by the International media groups. 
""The Deadliest Man Alive in The World"" By London Post.
""World's Best Commandos Mentor"" By Washington Mail. 
""World's Greatest counter-terrorism mentor of all time."" By Essex TV, London.
""World's Best Commando Trainers Guru"" By Forbes Global News.

""JAI HIND""
",3850000,329924061,1165,26772,2634,0,184
Leke Bala Ji Ka Naam (Lyrical Video) OUT NOW || Sanatani Hai Hum || Hindu Song || New Ram Song 2024,Leke Bala Ji Ka Naam (Lyrical Video) OUT NOW || Sanatani Hai Hum || Hindu Song || New Ram Song 2024 Like & share this ...,https://www.youtube.com/watch?v=LtLjkZn5b6g,2024-01-10T04:30:10Z,Nks Studio,UC9zAvq1VQ_zK8lQCXZh9Csw,"рдорд╛рдБ рдХреЗ рд▓рд┐рдП рдХреНрдпрд╛ тАШрд╢реЗрд░тАЩ рд▓рд┐рдЦреВрдБ, рдорд╛рдБ рдиреЗ рд╣реА рддреЛ тАШрд╢реЗрд░тАЩ рдмрдирд╛рдпрд╛ рд╣реИтАж ЁЯЩП

Hello Friends Welcome to my YouTube Channel - NKS Studio
In this channel you will Entertain through our new video Songs.

Please Subscribe my channel for new uploads

For any Queries Contact- 9690987676
@nitin_sharma_marakpuriya
Email :- ns7929296@gmail.com

Enjoy & stay connected with us!

If You Like My Video Please Share My videos & Subscribe Channel.
",147000,35835416,96,5951792,48123,0,3210
#sreekrishna #lordkrishna #vasudev  #radheradhe #tattoo #shorts #hindu #sanatandharma #india,,https://www.youtube.com/watch?v=5LDoQ_xcUT8,2024-11-30T12:32:02Z,nareshmudiraj95 vlogs ,UCnLEInw5urZyLd0fw0JQZAQ,,3710,2179119,29,13650,589,0,6
All EYES on HINDUS in PAKISTAN BANGLADESH #mastershifuji #рд╢рд┐рдлреВрдЬреА #shifuji #alleyesonrafah #hindu,All EYES on HINDUS in PAKISTAN BANGLADESH #mastershifuji #рд╢рд┐рдлреВрдЬреА #shifuji #alleyesonrafah #hindu.,https://www.youtube.com/watch?v=00i6x4UXr7c,2024-05-29T12:16:16Z,GRANDMASTER SHIFUJI'S MISSION PRAHAR,UCbv9fcp621uLO0zD0EkH7wQ,"Jai Hind. This channel is dedicated to the patriotic and social yields of Grandmaster Shifuji Shaurya Bhardwaj Sir. 

The Fan Club in association with ODE. It is essential to mention that The revenues accumulated by this channel support women's empowerment under the campaign ""Mission Prahar."" 

Grandmaster Shifuji Sir has dedicated his life to research and inventing the ""Mitti System"" for the Indian Special Forces, Armed Forces. He has been mentoring the defense establishments and counter-terrorism units utterly Free of Cost with the utmost confidentiality. 

Who is Grandmaster Shifuji Shaurya Bhardwaj?
Legendary Grandmaster Shifuji Shaurya Bhardwaj Sir has been acknowledged with many titles by the International media groups. 
""The Deadliest Man Alive in The World"" By London Post.
""World's Best Commandos Mentor"" By Washington Mail. 
""World's Greatest counter-terrorism mentor of all time."" By Essex TV, London.
""World's Best Commando Trainers Guru"" By Forbes Global News.

""JAI HIND""
",3850000,329924061,1165,241368,23086,0,381
